compound,content,sample,smiles,complexity,weighted complexity,,depth,weighted average
C17,0.37765622,CA06a,CCCCCCCCCCCCCCCCC,47,17.74984234,,6,14.03795846
C18,0.099197678,CA06a,CCCCCCCCCCCCCCCCCC,50,4.9598839,,6,7.586209682
C19,0.274988968,CA06a,CCCCCCCCCCCCCCCCCCC,53,14.5744153,,6,16.29246339
2-methylC19,0.062439654,CA06a,CCCCCCCCCCCCCCCCCC(C)C,107.17,6.691657719,,43,6.591167044
C20,0.429476953,CA06a,CCCCCCCCCCCCCCCCCCCC,56,24.05070937,,49,8.324125942
C21,0.048658113,CA06a,CCCCCCCCCCCCCCCCCCCCC,59,2.870828667,,,
C24,0.310326999,CA06a,CCCCCCCCCCCCCCCCCCCCCCCC,68,21.10223593,,,
C25,0.028955625,CA06a,CCCCCCCCCCCCCCCCCCCCCCCCC,71,2.055849375,,,
C26,0.607238723,CA06a,CCCCCCCCCCCCCCCCCCCCCCCCCC,74,44.9356655,,,
C28,0.153591433,CA06a,CCCCCCCCCCCCCCCCCCCCCCCCCCCC,80,12.28731464,,,
C30,0.036501631,CA06a,CCCCCCCCCCCCCCCCCCCCCCCCCCCCCC,86,3.139140266,,,
C17,0.120368483,CA06bn,CCCCCCCCCCCCCCCCC,47,5.657318701,,,
C18,0.029129538,CA06bn,CCCCCCCCCCCCCCCCCC,50,1.4564769,,,
C19,0.074881857,CA06bn,CCCCCCCCCCCCCCCCCCC,53,3.968738421,,,
2-methylC19,0.017248036,CA06bn,CCCCCCCCCCCCCCCCCC(C)C,107.17,1.848472018,,,
C20,0.322611629,CA06bn,CCCCCCCCCCCCCCCCCCCC,56,18.06625122,,,
C21,0.026212636,CA06bn,CCCCCCCCCCCCCCCCCCCCC,59,1.546545524,,,
C24,0.311872307,CA06bn,CCCCCCCCCCCCCCCCCCCCCCCC,68,21.20731688,,,
C25,0,CA06bn,CCCCCCCCCCCCCCCCCCCCCCCCC,71,0,,,
C26,0.238877327,CA06bn,CCCCCCCCCCCCCCCCCCCCCCCCCC,74,17.6769222,,,
C28,0.150253308,CA06bn,CCCCCCCCCCCCCCCCCCCCCCCCCCCC,80,12.02026464,,,
C30,0,CA06bn,CCCCCCCCCCCCCCCCCCCCCCCCCCCCCC,86,0,,,
C17,0.426983842,CA06bt,CCCCCCCCCCCCCCCCC,47,20.06824057,,,
C18,0.100601781,CA06bt,CCCCCCCCCCCCCCCCCC,50,5.03008905,,,
C19,0.237802728,CA06bt,CCCCCCCCCCCCCCCCCCC,53,12.60354458,,,
2-methylC19,0.040157907,CA06bt,CCCCCCCCCCCCCCCCCC(C)C,107.17,4.303722893,,,
C20,0.410406734,CA06bt,CCCCCCCCCCCCCCCCCCCC,56,22.9827771,,,
C21,0.042761324,CA06bt,CCCCCCCCCCCCCCCCCCCCC,59,2.522918116,,,
C24,0.354788176,CA06bt,CCCCCCCCCCCCCCCCCCCCCCCC,68,24.12559597,,,
C25,0.031280073,CA06bt,CCCCCCCCCCCCCCCCCCCCCCCCC,71,2.220885183,,,
C26,0.913224223,CA06bt,CCCCCCCCCCCCCCCCCCCCCCCCCC,74,67.5785925,,,
C28,0.183019888,CA06bt,CCCCCCCCCCCCCCCCCCCCCCCCCCCC,80,14.64159104,,,
C30,0.036501631,CA06bt,CCCCCCCCCCCCCCCCCCCCCCCCCCCCCC,86,3.139140266,,,
C17,0.125533675,CA43,CCCCCCCCCCCCCCCCC,47,5.900082725,,,
C18,0.17500828,CA43,CCCCCCCCCCCCCCCCCC,50,8.750414,,,
C19,0.322659651,CA43,CCCCCCCCCCCCCCCCCCC,53,17.1009615,,,
C20,0.288370008,CA43,CCCCCCCCCCCCCCCCCCCC,56,16.14872045,,,
2-methylC19,0.025832162,CA43,CCCCCCCCCCCCCCCCCC(C)C,107.17,2.768432802,,,
C21,0.028059184,CA43,CCCCCCCCCCCCCCCCCCCCC,59,1.655491856,,,
C24,0.249730821,CA43,CCCCCCCCCCCCCCCCCCCCCCCC,68,16.98169583,,,
C25,0,CA43,CCCCCCCCCCCCCCCCCCCCCCCCC,71,0,,,
C26,0,CA43,CCCCCCCCCCCCCCCCCCCCCCCCCC,74,0,,,
C28,0.039962979,CA43,CCCCCCCCCCCCCCCCCCCCCCCCCCCC,80,3.19703832,,,
C30,0,CA43,CCCCCCCCCCCCCCCCCCCCCCCCCCCCCC,86,0,,,
C17,0.099993417,CA49,CCCCCCCCCCCCCCCCC,47,4.699690599,,,
C18,0.171308481,CA49,CCCCCCCCCCCCCCCCCC,50,8.56542405,,,
C19,0.534919718,CA49,CCCCCCCCCCCCCCCCCCC,53,28.35074505,,,
C20,0.364927593,CA49,CCCCCCCCCCCCCCCCCCCC,56,20.43594521,,,
2-methylC19,0.038055971,CA49,CCCCCCCCCCCCCCCCCC(C)C,107.17,4.078458412,,,
C21,0.033114753,CA49,CCCCCCCCCCCCCCCCCCCCC,59,1.953770427,,,
C25,0,CA43,CCCCCCCCCCCCCCCCCCCCCCCCC,71,0,,,
C26,0,CA43,CCCCCCCCCCCCCCCCCCCCCCCCCC,74,0,,,
C24,0.292281672,CA49,CCCCCCCCCCCCCCCCCCCCCCCC,68,19.8751537,,,
C28,0.045077474,CA49,CCCCCCCCCCCCCCCCCCCCCCCCCCCC,80,3.60619792,,,
C30,0,CA43,CCCCCCCCCCCCCCCCCCCCCCCCCCCCCC,86,0,,,